id	idx_fundamento_llm	idx_fundamento_exp	idx_evidencias_llm	idx_evidencias_exp	idx_riscos_llm	idx_riscos_exp	idx_impacto_llm	idx_impacto_exp
1	0,992	0,988	0,978	0,984	0,971	0,984	0,964	0,957
2	0,992	0,986	0,979	0,979	0,979	0,979	0,966	0,951
3	0,992	0,988	0,983	0,984	0,969	0,980	0,966	0,966
4	0,985	0,986	0,983	0,978	0,979	0,982	0,951	0,957
5	0,982	0,996	0,978	0,980	0,974	0,979	0,957	0,957
6	0,981	0,988	0,978	0,979	0,971	0,980	0,951	0,966
7	0,981	0,986	0,978	0,980	0,971	0,982	0,964	0,966
8	0,992	0,988	0,978	0,979	0,979	0,984	0,966	0,957
9	0,981	0,986	0,979	0,980	0,969	0,979	0,951	0,957
10	0,982	0,996	0,978	0,980	0,974	0,979	0,951	0,964
11	0,982	0,988	0,978	0,978	0,969	0,984	0,957	0,966
12	0,985	0,988	0,979	0,984	0,969	0,980	0,957	0,964
13	0,981	0,988	0,978	0,978	0,979	0,979	0,951	0,957
14	0,982	0,986	0,983	0,984	0,971	0,979	0,951	0,964
15	0,985	0,986	0,978	0,984	0,974	0,980	0,957	0,966
16	0,992	0,988	0,978	0,984	0,971	0,982	0,957	0,951
17	0,985	0,986	0,978	0,978	0,971	0,980	0,957	0,966
18	0,982	0,988	0,978	0,979	0,971	0,984	0,964	0,966
19	0,992	0,988	0,983	0,979	0,971	0,984	0,966	0,964
20	0,985	0,996	0,978	0,984	0,969	0,979	0,957	0,957
21	0,982	0,996	0,978	0,984	0,974	0,979	0,966	0,951
22	0,982	0,988	0,978	0,984	0,979	0,979	0,951	0,966
23	0,982	0,988	0,979	0,980	0,979	0,980	0,966	0,957
24	0,992	0,988	0,979	0,979	0,979	0,979	0,966	0,964
25	0,992	0,988	0,979	0,984	0,971	0,982	0,966	0,966
26	0,982	0,986	0,983	0,980	0,971	0,984	0,966	0,964
27	0,985	0,988	0,978	0,980	0,979	0,984	0,957	0,964
28	0,992	0,996	0,979	0,978	0,969	0,980	0,966	0,966
29	0,992	0,996	0,979	0,978	0,979	0,984	0,951	0,966
30	0,982	0,988	0,978	0,980	0,969	0,979	0,957	0,966
31	0,982	0,988	0,979	0,984	0,974	0,982	0,957	0,966
32	0,992	0,988	0,983	0,979	0,979	0,979	0,964	0,964
33	0,985	0,988	0,979	0,979	0,979	0,984	0,964	0,951
34	0,982	0,988	0,983	0,978	0,974	0,982	0,964	0,951
35	0,992	0,996	0,983	0,979	0,979	0,980	0,966	0,951
36	0,981	0,988	0,983	0,984	0,969	0,984	0,951	0,951
37	0,985	0,986	0,978	0,980	0,969	0,979	0,966	0,964
38	0,981	0,986	0,983	0,984	0,971	0,979	0,966	0,964
39	0,992	0,996	0,978	0,984	0,969	0,980	0,964	0,957
40	0,981	0,988	0,978	0,979	0,974	0,984	0,966	0,964
41	0,985	0,996	0,983	0,980	0,969	0,984	0,964	0,957
42	0,992	0,986	0,983	0,979	0,974	0,980	0,966	0,964
43	0,982	0,988	0,983	0,980	0,979	0,982	0,951	0,964
44	0,985	0,988	0,979	0,978	0,974	0,984	0,966	0,964
45	0,992	0,996	0,978	0,984	0,979	0,980	0,966	0,966
46	0,982	0,988	0,978	0,980	0,979	0,984	0,966	0,957
47	0,981	0,986	0,979	0,978	0,971	0,980	0,957	0,966
48	0,982	0,988	0,978	0,980	0,974	0,982	0,957	0,957
49	0,985	0,988	0,983	0,984	0,971	0,984	0,966	0,966
50	0,992	0,988	0,978	0,984	0,979	0,982	0,966	0,957
51	0,992	0,988	0,983	0,979	0,979	0,980	0,964	0,957
52	0,981	0,988	0,978	0,978	0,974	0,984	0,951	0,951
53	0,981	0,986	0,978	0,979	0,979	0,982	0,966	0,951
54	0,982	0,996	0,978	0,978	0,971	0,984	0,966	0,957
55	0,981	0,988	0,978	0,978	0,971	0,980	0,966	0,957
56	0,981	0,996	0,979	0,984	0,979	0,980	0,951	0,966
57	0,982	0,988	0,979	0,980	0,969	0,980	0,951	0,966
58	0,992	0,988	0,979	0,980	0,979	0,979	0,957	0,966
59	0,981	0,996	0,979	0,980	0,974	0,979	0,957	0,951
60	0,982	0,996	0,979	0,980	0,979	0,979	0,966	0,964
61	0,992	0,986	0,978	0,979	0,979	0,980	0,957	0,957
62	0,985	0,986	0,979	0,984	0,971	0,982	0,957	0,966
63	0,985	0,988	0,978	0,979	0,979	0,980	0,966	0,951
64	0,981	0,986	0,978	0,978	0,969	0,979	0,964	0,966
65	0,982	0,986	0,983	0,978	0,979	0,979	0,951	0,966
66	0,992	0,996	0,978	0,984	0,979	0,980	0,966	0,957
67	0,982	0,988	0,978	0,979	0,979	0,984	0,951	0,964
68	0,985	0,996	0,979	0,979	0,979	0,979	0,966	0,957
69	0,992	0,988	0,983	0,978	0,979	0,984	0,951	0,966
70	0,982	0,986	0,983	0,979	0,971	0,984	0,951	0,966
71	0,982	0,986	0,979	0,978	0,971	0,979	0,957	0,966
72	0,981	0,996	0,983	0,978	0,971	0,979	0,964	0,957
73	0,992	0,996	0,983	0,984	0,971	0,982	0,951	0,966
74	0,981	0,988	0,979	0,984	0,974	0,982	0,964	0,951
75	0,981	0,986	0,978	0,979	0,979	0,980	0,964	0,966
76	0,985	0,986	0,983	0,979	0,974	0,982	0,966	0,951
77	0,981	0,986	0,983	0,978	0,974	0,979	0,957	0,966
78	0,981	0,996	0,978	0,979	0,974	0,982	0,964	0,964
79	0,981	0,986	0,983	0,978	0,971	0,982	0,957	0,964
80	0,985	0,986	0,979	0,984	0,979	0,982	0,957	0,957
81	0,982	0,988	0,979	0,979	0,979	0,980	0,951	0,964
82	0,985	0,986	0,978	0,978	0,979	0,980	0,964	0,966
83	0,985	0,988	0,979	0,984	0,974	0,980	0,957	0,957
84	0,981	0,988	0,983	0,979	0,971	0,984	0,964	0,966
85	0,992	0,988	0,978	0,979	0,969	0,980	0,966	0,951
86	0,981	0,988	0,979	0,978	0,971	0,984	0,957	0,957
87	0,985	0,986	0,978	0,984	0,971	0,984	0,966	0,951
88	0,992	0,986	0,978	0,978	0,979	0,980	0,957	0,957
89	0,985	0,996	0,979	0,980	0,969	0,982	0,966	0,966
90	0,985	0,996	0,983	0,980	0,979	0,984	0,966	0,964
91	0,992	0,996	0,979	0,980	0,971	0,980	0,951	0,966
92	0,982	0,996	0,983	0,978	0,979	0,980	0,957	0,966
93	0,985	0,988	0,978	0,979	0,979	0,979	0,951	0,964
94	0,992	0,996	0,978	0,980	0,969	0,979	0,951	0,964
95	0,985	0,988	0,979	0,979	0,969	0,982	0,957	0,966
96	0,985	0,988	0,978	0,978	0,974	0,984	0,966	0,951
97	0,981	0,996	0,983	0,978	0,974	0,980	0,964	0,964
98	0,992	0,986	0,979	0,984	0,971	0,982	0,966	0,951
99	0,982	0,988	0,979	0,978	0,979	0,979	0,957	0,966
100	0,992	0,996	0,983	0,979	0,971	0,979	0,966	0,966
101	0,982	0,988	0,979	0,979	0,971	0,979	0,951	0,966
102	0,982	0,988	0,978	0,980	0,979	0,979	0,966	0,951
103	0,992	0,996	0,978	0,979	0,974	0,980	0,951	0,966
104	0,992	0,988	0,978	0,980	0,969	0,979	0,964	0,951
105	0,992	0,996	0,978	0,984	0,971	0,980	0,951	0,951
106	0,992	0,996	0,978	0,978	0,974	0,984	0,957	0,951
107	0,982	0,996	0,979	0,984	0,979	0,984	0,957	0,957
108	0,981	0,988	0,978	0,979	0,969	0,980	0,964	0,964
109	0,981	0,988	0,979	0,979	0,979	0,979	0,966	0,966
110	0,992	0,988	0,979	0,978	0,974	0,982	0,966	0,964
111	0,985	0,996	0,978	0,978	0,971	0,980	0,966	0,951
112	0,981	0,986	0,979	0,979	0,971	0,980	0,957	0,964
113	0,992	0,996	0,979	0,978	0,979	0,979	0,957	0,966
114	0,981	0,988	0,979	0,980	0,969	0,980	0,966	0,966
115	0,982	0,996	0,983	0,980	0,971	0,979	0,966	0,964
116	0,982	0,988	0,978	0,978	0,969	0,982	0,966	0,966
117	0,981	0,988	0,983	0,979	0,979	0,980	0,964	0,957
118	0,992	0,988	0,979	0,984	0,969	0,984	0,964	0,964
119	0,982	0,996	0,979	0,979	0,979	0,984	0,964	0,964
120	0,992	0,986	0,979	0,979	0,974	0,979	0,957	0,951
121	0,981	0,988	0,978	0,979	0,979	0,979	0,951	0,966
122	0,992	0,988	0,978	0,984	0,971	0,979	0,966	0,964
123	0,992	0,986	0,978	0,979	0,979	0,980	0,966	0,966
124	0,985	0,988	0,983	0,978	0,971	0,980	0,964	0,957
125	0,992	0,996	0,978	0,978	0,979	0,982	0,966	0,957
126	0,982	0,996	0,978	0,979	0,971	0,982	0,964	0,951
127	0,982	0,988	0,978	0,980	0,974	0,982	0,957	0,964
128	0,982	0,988	0,978	0,978	0,971	0,980	0,951	0,964
129	0,982	0,988	0,978	0,979	0,979	0,982	0,964	0,957
130	0,982	0,988	0,978	0,978	0,971	0,982	0,957	0,951
131	0,992	0,988	0,979	0,980	0,974	0,982	0,966	0,966
132	0,982	0,996	0,978	0,978	0,974	0,980	0,957	0,951
133	0,992	0,988	0,979	0,980	0,979	0,982	0,966	0,966
134	0,982	0,988	0,978	0,980	0,969	0,982	0,957	0,966
135	0,981	0,988	0,978	0,984	0,979	0,984	0,964	0,964
136	0,992	0,996	0,978	0,978	0,969	0,980	0,966	0,966
137	0,981	0,988	0,978	0,979	0,971	0,982	0,966	0,957
138	0,992	0,986	0,983	0,979	0,971	0,979	0,957	0,957
139	0,992	0,996	0,983	0,980	0,969	0,979	0,951	0,957
140	0,981	0,986	0,978	0,980	0,971	0,979	0,957	0,964
141	0,981	0,988	0,978	0,984	0,979	0,982	0,951	0,966
142	0,982	0,986	0,983	0,979	0,979	0,980	0,966	0,966
143	0,981	0,988	0,978	0,979	0,971	0,984	0,957	0,966
144	0,982	0,988	0,978	0,978	0,971	0,982	0,957	0,957
145	0,985	0,988	0,978	0,980	0,974	0,982	0,957	0,964
146	0,985	0,996	0,978	0,980	0,974	0,980	0,966	0,964
147	0,985	0,996	0,978	0,979	0,979	0,980	0,966	0,966
148	0,981	0,986	0,978	0,980	0,974	0,982	0,957	0,964
149	0,985	0,988	0,983	0,980	0,974	0,979	0,951	0,966
150	0,985	0,988	0,978	0,979	0,974	0,980	0,964	0,964
151	0,992	0,996	0,978	0,984	0,969	0,982	0,951	0,966
152	0,985	0,996	0,983	0,984	0,974	0,979	0,951	0,966
153	0,981	0,986	0,978	0,984	0,979	0,979	0,966	0,966
154	0,985	0,986	0,983	0,984	0,979	0,984	0,964	0,951
155	0,992	0,988	0,979	0,978	0,969	0,980	0,964	0,957
156	0,985	0,988	0,978	0,979	0,979	0,984	0,966	0,957
157	0,981	0,996	0,979	0,978	0,971	0,980	0,966	0,964
158	0,992	0,996	0,983	0,978	0,969	0,982	0,966	0,964
159	0,985	0,986	0,979	0,979	0,979	0,980	0,964	0,964
160	0,992	0,988	0,978	0,980	0,974	0,982	0,964	0,966
161	0,982	0,988	0,983	0,978	0,971	0,979	0,957	0,951
162	0,992	0,996	0,978	0,980	0,971	0,980	0,951	0,964
163	0,985	0,986	0,983	0,984	0,971	0,979	0,966	0,964
164	0,992	0,986	0,979	0,984	0,969	0,980	0,966	0,964
165	0,992	0,988	0,979	0,980	0,974	0,984	0,957	0,957
166	0,981	0,986	0,983	0,978	0,979	0,979	0,966	0,964
167	0,992	0,996	0,979	0,984	0,974	0,979	0,951	0,951
168	0,992	0,996	0,978	0,979	0,969	0,984	0,951	0,966
169	0,992	0,988	0,983	0,978	0,979	0,984	0,957	0,957
170	0,982	0,988	0,978	0,984	0,969	0,980	0,966	0,966
171	0,982	0,988	0,983	0,979	0,969	0,980	0,957	0,957
172	0,982	0,988	0,978	0,978	0,969	0,980	0,966	0,966
173	0,992	0,996	0,979	0,979	0,974	0,984	0,964	0,951
174	0,992	0,986	0,978	0,984	0,979	0,984	0,966	0,957
175	0,981	0,988	0,978	0,984	0,979	0,982	0,964	0,966
176	0,982	0,986	0,979	0,984	0,969	0,979	0,957	0,951
177	0,981	0,988	0,978	0,978	0,971	0,982	0,957	0,951
178	0,982	0,988	0,978	0,979	0,969	0,980	0,964	0,951
179	0,985	0,988	0,978	0,984	0,969	0,982	0,951	0,964
180	0,981	0,986	0,979	0,978	0,974	0,979	0,964	0,951
181	0,981	0,986	0,979	0,984	0,969	0,984	0,966	0,964
182	0,992	0,988	0,983	0,979	0,974	0,979	0,951	0,964
183	0,985	0,988	0,979	0,979	0,969	0,979	0,951	0,964
184	0,982	0,996	0,978	0,984	0,969	0,984	0,957	0,951
185	0,992	0,986	0,978	0,984	0,974	0,979	0,964	0,957
186	0,985	0,988	0,978	0,980	0,971	0,984	0,957	0,966
187	0,992	0,988	0,983	0,984	0,974	0,979	0,957	0,957
188	0,985	0,986	0,983	0,978	0,969	0,979	0,951	0,951
189	0,992	0,986	0,978	0,980	0,979	0,980	0,957	0,957
190	0,985	0,988	0,983	0,978	0,969	0,980	0,951	0,951
191	0,981	0,988	0,978	0,980	0,979	0,980	0,964	0,957
192	0,992	0,988	0,979	0,980	0,971	0,984	0,964	0,951
193	0,985	0,996	0,978	0,979	0,971	0,982	0,966	0,957
194	0,992	0,988	0,978	0,979	0,979	0,979	0,964	0,966
195	0,982	0,996	0,978	0,980	0,969	0,980	0,964	0,957
196	0,992	0,996	0,978	0,984	0,971	0,982	0,957	0,966
197	0,982	0,986	0,978	0,979	0,971	0,979	0,966	0,964
198	0,982	0,988	0,978	0,979	0,969	0,980	0,951	0,951
199	0,985	0,996	0,979	0,984	0,971	0,979	0,966	0,957
200	0,981	0,988	0,979	0,978	0,969	0,982	0,951	0,966
201	0,981	0,996	0,983	0,979	0,974	0,982	0,966	0,964
202	0,981	0,996	0,978	0,979	0,979	0,982	0,964	0,966
203	0,992	0,986	0,978	0,979	0,969	0,980	0,957	0,951
204	0,992	0,988	0,983	0,984	0,974	0,982	0,964	0,964
205	0,981	0,996	0,978	0,979	0,969	0,980	0,964	0,957
206	0,992	0,986	0,983	0,984	0,971	0,980	0,966	0,964
207	0,982	0,996	0,978	0,984	0,971	0,984	0,964	0,951
208	0,992	0,996	0,979	0,980	0,971	0,982	0,951	0,957
209	0,992	0,988	0,983	0,984	0,974	0,984	0,957	0,966
210	0,992	0,988	0,978	0,980	0,979	0,979	0,964	0,966
211	0,985	0,986	0,978	0,978	0,979	0,980	0,964	0,957
212	0,992	0,988	0,983	0,979	0,971	0,980	0,957	0,951
213	0,982	0,988	0,978	0,984	0,971	0,982	0,964	0,951
214	0,992	0,986	0,983	0,978	0,971	0,980	0,951	0,964
215	0,982	0,996	0,983	0,978	0,971	0,979	0,964	0,966
216	0,992	0,986	0,983	0,978	0,969	0,982	0,957	0,957
217	0,981	0,986	0,978	0,984	0,971	0,984	0,966	0,964
218	0,992	0,996	0,983	0,984	0,979	0,982	0,966	0,957
219	0,992	0,986	0,978	0,984	0,971	0,980	0,951	0,951
220	0,985	0,986	0,978	0,978	0,974	0,984	0,964	0,957
221	0,992	0,986	0,979	0,978	0,969	0,979	0,966	0,951
222	0,981	0,986	0,983	0,980	0,969	0,982	0,951	0,957
223	0,982	0,996	0,978	0,978	0,979	0,980	0,966	0,951
224	0,992	0,988	0,978	0,984	0,969	0,979	0,951	0,966
225	0,982	0,988	0,978	0,984	0,969	0,984	0,957	0,964
226	0,985	0,988	0,983	0,980	0,969	0,984	0,966	0,966
227	0,992	0,988	0,978	0,980	0,969	0,979	0,966	0,951
228	0,985	0,988	0,979	0,984	0,974	0,984	0,966	0,966
229	0,985	0,986	0,983	0,979	0,971	0,979	0,957	0,957
230	0,985	0,988	0,978	0,979	0,969	0,982	0,966	0,951
231	0,981	0,986	0,983	0,979	0,974	0,984	0,951	0,966
232	0,982	0,986	0,978	0,978	0,974	0,984	0,964	0,966
233	0,985	0,988	0,983	0,978	0,971	0,982	0,964	0,966
234	0,981	0,986	0,979	0,978	0,971	0,982	0,964	0,966
235	0,982	0,996	0,978	0,980	0,974	0,980	0,966	0,957
236	0,985	0,986	0,979	0,979	0,979	0,980	0,966	0,957
237	0,992	0,988	0,978	0,978	0,979	0,979	0,957	0,957
238	0,981	0,986	0,983	0,978	0,971	0,980	0,951	0,957
239	0,982	0,996	0,978	0,979	0,974	0,984	0,951	0,966
240	0,985	0,986	0,978	0,979	0,971	0,980	0,966	0,964
241	0,985	0,986	0,978	0,978	0,974	0,980	0,966	0,957
242	0,982	0,988	0,979	0,980	0,971	0,984	0,951	0,951
243	0,982	0,986	0,978	0,984	0,974	0,979	0,951	0,964
244	0,982	0,986	0,978	0,980	0,979	0,982	0,966	0,951
245	0,992	0,988	0,979	0,984	0,979	0,980	0,966	0,957
246	0,992	0,996	0,979	0,978	0,979	0,980	0,964	0,966
247	0,981	0,988	0,978	0,979	0,971	0,979	0,964	0,951
248	0,985	0,986	0,979	0,979	0,971	0,984	0,966	0,951
249	0,992	0,988	0,978	0,984	0,979	0,979	0,957	0,966
250	0,981	0,996	0,979	0,979	0,979	0,979	0,964	0,964
251	0,985	0,996	0,978	0,984	0,969	0,980	0,964	0,951
252	0,981	0,988	0,979	0,978	0,971	0,979	0,964	0,964
253	0,992	0,996	0,979	0,979	0,969	0,984	0,966	0,957
254	0,982	0,988	0,978	0,980	0,979	0,979	0,951	0,951
255	0,992	0,988	0,979	0,980	0,979	0,984	0,951	0,966
256	0,985	0,988	0,978	0,979	0,979	0,984	0,957	0,966
257	0,982	0,986	0,983	0,980	0,969	0,979	0,964	0,957
258	0,982	0,986	0,979	0,978	0,971	0,979	0,966	0,957
259	0,992	0,996	0,979	0,979	0,971	0,982	0,951	0,951
260	0,985	0,988	0,983	0,980	0,979	0,980	0,966	0,951
261	0,982	0,988	0,978	0,980	0,979	0,980	0,957	0,964
262	0,982	0,996	0,979	0,984	0,969	0,982	0,957	0,951
263	0,985	0,988	0,979	0,978	0,974	0,984	0,957	0,964
264	0,981	0,986	0,978	0,980	0,971	0,984	0,964	0,957
265	0,982	0,996	0,978	0,979	0,969	0,980	0,951	0,957
266	0,981	0,988	0,983	0,978	0,971	0,984	0,964	0,951
267	0,981	0,996	0,978	0,984	0,971	0,979	0,951	0,957
268	0,981	0,988	0,983	0,978	0,969	0,984	0,951	0,951
269	0,982	0,986	0,979	0,980	0,969	0,982	0,964	0,966
270	0,982	0,996	0,979	0,978	0,971	0,979	0,951	0,964
271	0,981	0,988	0,978	0,978	0,974	0,982	0,951	0,957
272	0,992	0,988	0,983	0,978	0,969	0,984	0,957	0,951
273	0,992	0,996	0,979	0,980	0,969	0,984	0,957	0,957
274	0,981	0,988	0,979	0,984	0,971	0,980	0,966	0,951
275	0,985	0,988	0,979	0,984	0,969	0,980	0,966	0,964
276	0,981	0,988	0,978	0,984	0,974	0,982	0,966	0,957
277	0,992	0,988	0,978	0,978	0,971	0,982	0,957	0,964
278	0,982	0,988	0,978	0,978	0,971	0,979	0,966	0,957
279	0,992	0,988	0,978	0,980	0,979	0,984	0,957	0,957
280	0,982	0,988	0,979	0,979	0,979	0,979	0,966	0,951
281	0,982	0,996	0,978	0,980	0,971	0,982	0,957	0,951
282	0,981	0,988	0,978	0,979	0,969	0,979	0,964	0,957
283	0,982	0,996	0,978	0,984	0,979	0,982	0,957	0,964
284	0,982	0,986	0,978	0,984	0,969	0,984	0,966	0,957
285	0,985	0,988	0,979	0,984	0,971	0,980	0,957	0,957
286	0,985	0,988	0,983	0,979	0,969	0,980	0,951	0,957
287	0,981	0,986	0,978	0,979	0,971	0,980	0,964	0,951
288	0,982	0,986	0,979	0,979	0,971	0,982	0,966	0,951
289	0,985	0,988	0,979	0,979	0,974	0,984	0,957	0,957
290	0,992	0,988	0,979	0,984	0,979	0,984	0,951	0,966
291	0,985	0,986	0,978	0,979	0,971	0,980	0,951	0,964
292	0,992	0,988	0,978	0,980	0,974	0,982	0,951	0,964
293	0,982	0,988	0,978	0,984	0,974	0,979	0,964	0,966
294	0,992	0,996	0,978	0,984	0,969	0,980	0,957	0,951
295	0,992	0,986	0,978	0,978	0,979	0,984	0,951	0,964
296	0,981	0,988	0,983	0,980	0,974	0,982	0,957	0,964
297	0,985	0,996	0,983	0,980	0,971	0,982	0,957	0,951
298	0,985	0,996	0,978	0,980	0,969	0,979	0,966	0,964
299	0,982	0,986	0,979	0,984	0,971	0,984	0,951	0,957
300	0,992	0,996	0,983	0,984	0,979	0,980	0,966	0,957
301	0,981	0,988	0,978	0,978	0,969	0,984	0,957	0,957
302	0,985	0,996	0,983	0,984	0,971	0,982	0,957	0,951
303	0,985	0,996	0,978	0,979	0,969	0,982	0,966	0,957
304	0,981	0,988	0,979	0,978	0,971	0,979	0,964	0,966
305	0,982	0,986	0,978	0,978	0,974	0,984	0,957	0,964
306	0,985	0,996	0,983	0,980	0,969	0,979	0,951	0,966
307	0,985	0,988	0,983	0,979	0,971	0,980	0,951	0,964
308	0,982	0,988	0,979	0,980	0,979	0,980	0,957	0,951
309	0,981	0,988	0,979	0,978	0,971	0,984	0,957	0,964
310	0,982	0,996	0,978	0,979	0,979	0,979	0,957	0,957
311	0,982	0,988	0,978	0,980	0,969	0,979	0,951	0,964
312	0,992	0,986	0,983	0,978	0,969	0,980	0,951	0,951
313	0,992	0,986	0,978	0,978	0,974	0,980	0,957	0,951
314	0,981	0,996	0,979	0,980	0,971	0,984	0,951	0,964
315	0,992	0,986	0,979	0,978	0,974	0,984	0,957	0,966
316	0,985	0,996	0,983	0,984	0,971	0,984	0,951	0,964
317	0,982	0,996	0,978	0,980	0,974	0,979	0,951	0,957
318	0,985	0,988	0,978	0,978	0,974	0,984	0,951	0,957
319	0,982	0,996	0,979	0,979	0,979	0,984	0,966	0,957
320	0,992	0,986	0,979	0,978	0,979	0,984	0,966	0,957
321	0,982	0,986	0,978	0,979	0,979	0,980	0,957	0,966
322	0,982	0,986	0,978	0,978	0,974	0,984	0,964	0,957
323	0,982	0,986	0,979	0,980	0,971	0,982	0,951	0,964
324	0,981	0,988	0,978	0,984	0,979	0,982	0,966	0,964
325	0,985	0,996	0,978	0,984	0,974	0,980	0,964	0,966
326	0,992	0,988	0,978	0,980	0,969	0,980	0,966	0,964
327	0,982	0,988	0,978	0,979	0,971	0,980	0,966	0,964
328	0,981	0,988	0,983	0,980	0,974	0,979	0,957	0,964
329	0,992	0,996	0,983	0,978	0,971	0,982	0,957	0,957
330	0,992	0,986	0,983	0,979	0,969	0,979	0,966	0,957
331	0,981	0,988	0,983	0,984	0,974	0,982	0,964	0,951
332	0,985	0,988	0,983	0,984	0,974	0,980	0,966	0,957
333	0,992	0,996	0,979	0,980	0,971	0,982	0,957	0,951
334	0,992	0,986	0,983	0,979	0,974	0,982	0,964	0,964
335	0,982	0,986	0,978	0,980	0,974	0,979	0,957	0,951
336	0,985	0,986	0,983	0,978	0,974	0,984	0,951	0,957
337	0,981	0,988	0,979	0,984	0,971	0,982	0,966	0,964
338	0,985	0,996	0,978	0,984	0,971	0,982	0,966	0,966
339	0,982	0,996	0,978	0,984	0,969	0,984	0,966	0,966
340	0,982	0,996	0,978	0,984	0,979	0,980	0,966	0,957
341	0,982	0,988	0,978	0,979	0,971	0,982	0,964	0,964
342	0,985	0,988	0,978	0,978	0,979	0,979	0,951	0,951
343	0,992	0,988	0,978	0,978	0,974	0,979	0,951	0,957
344	0,985	0,996	0,979	0,978	0,974	0,982	0,951	0,957
345	0,992	0,996	0,983	0,980	0,974	0,980	0,957	0,966
346	0,981	0,996	0,979	0,980	0,974	0,980	0,966	0,957
347	0,985	0,986	0,983	0,980	0,969	0,980	0,957	0,966
348	0,985	0,996	0,978	0,980	0,969	0,984	0,951	0,957
349	0,982	0,988	0,983	0,978	0,974	0,980	0,957	0,966
350	0,982	0,996	0,983	0,980	0,974	0,984	0,957	0,964
351	0,985	0,986	0,979	0,978	0,971	0,984	0,964	0,957
352	0,985	0,996	0,978	0,984	0,971	0,984	0,957	0,964
353	0,985	0,996	0,983	0,978	0,979	0,984	0,964	0,964
354	0,992	0,988	0,983	0,979	0,969	0,982	0,951	0,951
355	0,992	0,996	0,979	0,984	0,969	0,984	0,964	0,957
356	0,985	0,986	0,978	0,978	0,969	0,979	0,957	0,964
357	0,985	0,988	0,983	0,978	0,969	0,984	0,964	0,951
358	0,982	0,988	0,979	0,980	0,969	0,979	0,964	0,957
359	0,982	0,988	0,978	0,984	0,969	0,980	0,966	0,957
360	0,985	0,988	0,978	0,984	0,969	0,980	0,951	0,951
361	0,985	0,988	0,978	0,984	0,969	0,982	0,964	0,951
362	0,982	0,988	0,978	0,979	0,971	0,984	0,964	0,966
363	0,982	0,988	0,979	0,978	0,979	0,979	0,957	0,957
364	0,981	0,988	0,983	0,980	0,979	0,979	0,957	0,964
365	0,992	0,988	0,979	0,978	0,971	0,979	0,966	0,964
366	0,985	0,988	0,983	0,978	0,979	0,984	0,957	0,964
367	0,982	0,986	0,979	0,984	0,969	0,979	0,951	0,964
368	0,981	0,986	0,978	0,979	0,971	0,984	0,966	0,966
369	0,982	0,986	0,979	0,978	0,979	0,984	0,957	0,966
370	0,992	0,988	0,978	0,979	0,974	0,984	0,957	0,951
371	0,985	0,996	0,979	0,984	0,969	0,980	0,951	0,957
372	0,985	0,988	0,978	0,984	0,971	0,984	0,966	0,957
373	0,992	0,988	0,978	0,979	0,974	0,980	0,964	0,957
374	0,992	0,988	0,978	0,980	0,974	0,982	0,966	0,951
375	0,992	0,988	0,983	0,979	0,974	0,982	0,957	0,951
376	0,981	0,996	0,978	0,984	0,979	0,982	0,966	0,964
377	0,981	0,996	0,983	0,980	0,974	0,984	0,964	0,966
378	0,981	0,996	0,978	0,979	0,979	0,982	0,966	0,966
379	0,985	0,986	0,978	0,984	0,969	0,984	0,964	0,966
380	0,982	0,996	0,979	0,978	0,979	0,980	0,964	0,951
381	0,982	0,986	0,983	0,979	0,971	0,979	0,966	0,964
382	0,992	0,986	0,978	0,984	0,971	0,984	0,957	0,951
383	0,981	0,988	0,978	0,978	0,979	0,979	0,957	0,966
384	0,982	0,988	0,978	0,979	0,971	0,984	0,951	0,957
385	0,982	0,996	0,978	0,979	0,979	0,979	0,951	0,964
386	0,985	0,986	0,983	0,979	0,971	0,984	0,951	0,964
387	0,992	0,996	0,978	0,978	0,969	0,979	0,966	0,964
388	0,981	0,986	0,978	0,984	0,974	0,980	0,951	0,964
389	0,981	0,986	0,978	0,984	0,969	0,979	0,957	0,966
390	0,985	0,988	0,978	0,978	0,971	0,980	0,964	0,964
391	0,992	0,988	0,978	0,984	0,979	0,984	0,957	0,951
392	0,985	0,996	0,983	0,978	0,969	0,979	0,966	0,951
393	0,992	0,988	0,978	0,980	0,969	0,984	0,951	0,951
394	0,992	0,988	0,978	0,984	0,974	0,980	0,957	0,957
395	0,981	0,996	0,983	0,978	0,971	0,982	0,966	0,951
396	0,985	0,988	0,983	0,984	0,974	0,979	0,966	0,966
397	0,981	0,988	0,978	0,979	0,971	0,982	0,966	0,957
398	0,982	0,988	0,978	0,984	0,979	0,982	0,951	0,957
399	0,981	0,988	0,979	0,978	0,969	0,980	0,957	0,957
400	0,992	0,986	0,983	0,984	0,969	0,980	0,964	0,964
401	0,985	0,996	0,979	0,980	0,979	0,979	0,951	0,966
402	0,985	0,988	0,978	0,984	0,971	0,984	0,951	0,966
403	0,985	0,988	0,983	0,980	0,979	0,984	0,957	0,964
404	0,985	0,988	0,979	0,979	0,979	0,980	0,966	0,957
405	0,985	0,988	0,978	0,980	0,969	0,979	0,964	0,957
406	0,985	0,988	0,979	0,984	0,979	0,982	0,966	0,957
407	0,992	0,988	0,983	0,980	0,969	0,980	0,951	0,957
408	0,992	0,996	0,978	0,978	0,971	0,979	0,957	0,964
409	0,982	0,986	0,978	0,980	0,979	0,979	0,951	0,951
410	0,985	0,996	0,978	0,978	0,974	0,982	0,957	0,951
411	0,985	0,988	0,979	0,984	0,974	0,979	0,957	0,966
412	0,985	0,986	0,978	0,978	0,969	0,980	0,964	0,951
413	0,982	0,996	0,979	0,979	0,969	0,979	0,951	0,966
414	0,982	0,986	0,978	0,979	0,979	0,984	0,964	0,966
415	0,985	0,996	0,983	0,979	0,971	0,980	0,957	0,957
416	0,982	0,996	0,978	0,979	0,974	0,984	0,951	0,951
417	0,982	0,988	0,978	0,984	0,979	0,980	0,957	0,966
418	0,982	0,996	0,983	0,979	0,971	0,980	0,964	0,966
419	0,982	0,996	0,978	0,979	0,974	0,982	0,964	0,964
420	0,992	0,988	0,978	0,984	0,974	0,984	0,951	0,951
421	0,992	0,996	0,978	0,984	0,974	0,980	0,951	0,951
422	0,981	0,988	0,978	0,979	0,974	0,980	0,957	0,964
423	0,985	0,988	0,978	0,980	0,979	0,980	0,966	0,951
424	0,981	0,988	0,979	0,979	0,979	0,982	0,964	0,966
425	0,985	0,996	0,978	0,980	0,974	0,982	0,964	0,966
426	0,982	0,988	0,978	0,984	0,974	0,984	0,966	0,964
427	0,992	0,988	0,978	0,984	0,971	0,984	0,964	0,957
428	0,982	0,996	0,983	0,980	0,971	0,979	0,964	0,966
429	0,992	0,986	0,983	0,979	0,969	0,984	0,951	0,964
430	0,981	0,996	0,983	0,979	0,974	0,979	0,951	0,966
431	0,982	0,996	0,978	0,979	0,979	0,982	0,951	0,966
432	0,992	0,996	0,979	0,979	0,974	0,980	0,951	0,957
433	0,982	0,988	0,978	0,980	0,974	0,982	0,951	0,957
434	0,981	0,988	0,978	0,978	0,971	0,984	0,957	0,957
435	0,985	0,988	0,978	0,978	0,974	0,982	0,964	0,951
436	0,982	0,986	0,979	0,984	0,971	0,984	0,951	0,964
437	0,981	0,986	0,978	0,984	0,969	0,979	0,951	0,966
438	0,982	0,996	0,979	0,978	0,979	0,980	0,966	0,951
439	0,982	0,986	0,978	0,984	0,971	0,984	0,951	0,951
440	0,985	0,986	0,978	0,979	0,974	0,980	0,957	0,964
441	0,981	0,988	0,978	0,984	0,971	0,984	0,964	0,951
442	0,981	0,988	0,978	0,979	0,971	0,984	0,964	0,966
443	0,992	0,996	0,978	0,984	0,969	0,979	0,951	0,951
444	0,982	0,986	0,978	0,979	0,974	0,979	0,951	0,951
445	0,992	0,988	0,978	0,980	0,974	0,984	0,964	0,957
446	0,982	0,996	0,978	0,984	0,971	0,979	0,951	0,951
447	0,981	0,996	0,979	0,978	0,979	0,984	0,964	0,964
448	0,982	0,988	0,983	0,984	0,969	0,982	0,964	0,964
449	0,982	0,986	0,983	0,978	0,979	0,979	0,951	0,951
450	0,985	0,996	0,983	0,979	0,979	0,979	0,951	0,964
451	0,982	0,986	0,983	0,978	0,971	0,980	0,964	0,957
452	0,985	0,996	0,978	0,984	0,969	0,982	0,951	0,951
453	0,981	0,986	0,978	0,979	0,974	0,979	0,966	0,957
454	0,982	0,988	0,978	0,979	0,969	0,984	0,957	0,951
455	0,981	0,996	0,978	0,978	0,969	0,979	0,964	0,957
456	0,985	0,996	0,978	0,984	0,979	0,984	0,951	0,966
457	0,992	0,988	0,978	0,978	0,979	0,979	0,964	0,964
458	0,981	0,986	0,978	0,979	0,974	0,980	0,951	0,951
459	0,982	0,986	0,978	0,980	0,974	0,984	0,951	0,951
460	0,982	0,996	0,983	0,978	0,971	0,980	0,964	0,951
461	0,985	0,986	0,979	0,984	0,971	0,979	0,964	0,966
462	0,992	0,988	0,979	0,980	0,974	0,979	0,957	0,964
463	0,981	0,988	0,979	0,980	0,971	0,980	0,964	0,957
464	0,981	0,988	0,978	0,984	0,969	0,984	0,964	0,957
465	0,985	0,988	0,978	0,979	0,974	0,984	0,964	0,951
466	0,992	0,988	0,978	0,980	0,974	0,982	0,951	0,964
467	0,981	0,986	0,978	0,980	0,969	0,979	0,951	0,964
468	0,985	0,986	0,978	0,979	0,974	0,984	0,951	0,951
469	0,981	0,986	0,983	0,979	0,969	0,980	0,957	0,966
470	0,982	0,988	0,979	0,980	0,974	0,984	0,966	0,964
471	0,982	0,988	0,979	0,978	0,969	0,982	0,964	0,966
472	0,992	0,996	0,983	0,980	0,974	0,984	0,951	0,966
473	0,981	0,996	0,983	0,979	0,969	0,982	0,951	0,966
474	0,982	0,996	0,983	0,980	0,974	0,979	0,957	0,964
475	0,981	0,988	0,978	0,978	0,969	0,980	0,966	0,957
476	0,985	0,988	0,979	0,980	0,971	0,984	0,964	0,964
477	0,985	0,988	0,979	0,979	0,979	0,984	0,964	0,966
478	0,981	0,996	0,983	0,980	0,969	0,980	0,966	0,957
479	0,992	0,988	0,979	0,980	0,979	0,984	0,964	0,964
480	0,982	0,986	0,978	0,978	0,974	0,982	0,957	0,966
481	0,982	0,988	0,983	0,984	0,971	0,982	0,964	0,951
482	0,982	0,986	0,983	0,978	0,971	0,984	0,966	0,951
483	0,992	0,986	0,979	0,984	0,969	0,980	0,951	0,951
484	0,985	0,988	0,979	0,984	0,974	0,979	0,957	0,957
485	0,981	0,988	0,978	0,979	0,974	0,980	0,966	0,957
486	0,992	0,996	0,978	0,980	0,974	0,984	0,957	0,966
487	0,981	0,988	0,979	0,979	0,969	0,979	0,966	0,957
488	0,992	0,986	0,979	0,979	0,974	0,979	0,966	0,957
489	0,985	0,996	0,978	0,984	0,974	0,980	0,966	0,964
490	0,992	0,988	0,978	0,980	0,969	0,979	0,966	0,966
491	0,981	0,988	0,978	0,979	0,969	0,984	0,966	0,957
492	0,992	0,988	0,978	0,979	0,974	0,982	0,966	0,951
493	0,992	0,988	0,983	0,978	0,979	0,982	0,964	0,964
494	0,982	0,988	0,978	0,978	0,979	0,979	0,964	0,957
495	0,981	0,988	0,983	0,984	0,979	0,982	0,964	0,964
496	0,982	0,986	0,983	0,984	0,974	0,982	0,966	0,966
497	0,985	0,986	0,978	0,978	0,974	0,979	0,957	0,964
498	0,985	0,996	0,978	0,978	0,969	0,982	0,964	0,966
499	0,985	0,988	0,978	0,978	0,974	0,979	0,966	0,957
500	0,982	0,988	0,979	0,984	0,974	0,982	0,951	0,964
501	0,985	0,988	0,983	0,979	0,979	0,982	0,964	0,964
502	0,982	0,986	0,979	0,984	0,971	0,984	0,964	0,964
503	0,981	0,986	0,983	0,979	0,979	0,982	0,966	0,966
504	0,981	0,988	0,983	0,978	0,974	0,984	0,957	0,964
505	0,982	0,996	0,978	0,980	0,969	0,979	0,966	0,957
506	0,982	0,986	0,979	0,978	0,971	0,982	0,957	0,957
507	0,992	0,996	0,978	0,978	0,974	0,979	0,957	0,964
508	0,985	0,986	0,979	0,979	0,969	0,982	0,951	0,966
509	0,985	0,986	0,979	0,980	0,969	0,980	0,966	0,964
510	0,982	0,988	0,978	0,979	0,974	0,979	0,966	0,966
511	0,981	0,988	0,979	0,984	0,974	0,984	0,951	0,964
512	0,981	0,988	0,978	0,980	0,971	0,979	0,951	0,957
513	0,981	0,988	0,978	0,980	0,979	0,980	0,964	0,957
514	0,992	0,988	0,983	0,979	0,971	0,982	0,951	0,951
515	0,982	0,986	0,978	0,979	0,979	0,984	0,957	0,966
516	0,992	0,986	0,978	0,979	0,971	0,980	0,966	0,951
517	0,992	0,996	0,979	0,980	0,979	0,984	0,966	0,951
518	0,985	0,988	0,978	0,979	0,969	0,980	0,964	0,957
519	0,992	0,988	0,978	0,978	0,979	0,980	0,951	0,964
520	0,981	0,988	0,983	0,979	0,979	0,980	0,964	0,966
521	0,981	0,986	0,979	0,980	0,979	0,980	0,964	0,966
522	0,985	0,996	0,978	0,979	0,979	0,984	0,964	0,964
523	0,981	0,986	0,978	0,979	0,969	0,982	0,964	0,964
524	0,981	0,986	0,978	0,978	0,979	0,979	0,964	0,964
525	0,985	0,996	0,978	0,984	0,979	0,979	0,966	0,966
526	0,992	0,988	0,979	0,980	0,971	0,984	0,951	0,964
527	0,985	0,986	0,978	0,980	0,971	0,979	0,957	0,966
528	0,985	0,988	0,979	0,978	0,974	0,982	0,966	0,966
529	0,981	0,996	0,979	0,979	0,979	0,984	0,966	0,966
530	0,981	0,996	0,979	0,984	0,969	0,984	0,957	0,951
531	0,992	0,996	0,979	0,984	0,971	0,980	0,951	0,964
532	0,985	0,988	0,978	0,984	0,971	0,982	0,964	0,966
533	0,981	0,988	0,978	0,984	0,979	0,982	0,966	0,964
534	0,992	0,996	0,978	0,980	0,971	0,982	0,951	0,966
535	0,985	0,988	0,978	0,979	0,971	0,980	0,966	0,966
536	0,992	0,986	0,978	0,980	0,974	0,982	0,951	0,966
537	0,982	0,988	0,983	0,979	0,971	0,980	0,966	0,951
538	0,981	0,988	0,978	0,978	0,979	0,979	0,951	0,966
539	0,981	0,986	0,978	0,980	0,979	0,979	0,957	0,964
540	0,982	0,986	0,979	0,978	0,969	0,979	0,966	0,966
541	0,985	0,988	0,979	0,980	0,979	0,984	0,966	0,957
542	0,982	0,986	0,978	0,980	0,971	0,982	0,964	0,964
543	0,985	0,988	0,978	0,984	0,979	0,982	0,966	0,951
544	0,992	0,988	0,979	0,980	0,974	0,980	0,957	0,957
545	0,982	0,996	0,979	0,984	0,974	0,982	0,966	0,966
546	0,992	0,988	0,979	0,978	0,971	0,982	0,951	0,964
547	0,982	0,986	0,978	0,978	0,974	0,982	0,964	0,964
548	0,982	0,996	0,979	0,978	0,979	0,979	0,964	0,964
549	0,985	0,988	0,979	0,978	0,971	0,982	0,964	0,951
550	0,981	0,988	0,978	0,984	0,969	0,980	0,966	0,964
551	0,985	0,988	0,983	0,979	0,971	0,984	0,964	0,964
552	0,982	0,988	0,979	0,984	0,974	0,982	0,957	0,966
553	0,981	0,986	0,979	0,984	0,974	0,982	0,957	0,951
554	0,992	0,988	0,979	0,978	0,974	0,979	0,957	0,964
555	0,981	0,988	0,978	0,979	0,974	0,980	0,951	0,964
556	0,981	0,996	0,983	0,980	0,974	0,982	0,951	0,966
557	0,992	0,996	0,978	0,984	0,974	0,980	0,957	0,966
558	0,985	0,988	0,978	0,979	0,969	0,984	0,966	0,951
559	0,981	0,986	0,983	0,980	0,971	0,984	0,957	0,964
560	0,992	0,986	0,979	0,980	0,971	0,982	0,966	0,951
561	0,981	0,986	0,978	0,984	0,979	0,984	0,951	0,964
562	0,982	0,986	0,979	0,978	0,969	0,980	0,964	0,951
563	0,985	0,986	0,979	0,980	0,979	0,980	0,951	0,957
564	0,982	0,996	0,979	0,984	0,974	0,979	0,964	0,957
565	0,981	0,996	0,983	0,978	0,974	0,982	0,966	0,964
566	0,985	0,988	0,979	0,984	0,974	0,979	0,964	0,966
567	0,981	0,996	0,979	0,979	0,974	0,980	0,951	0,951
568	0,982	0,988	0,979	0,979	0,969	0,982	0,966	0,951
569	0,981	0,986	0,979	0,984	0,974	0,979	0,964	0,966
570	0,992	0,986	0,978	0,978	0,971	0,982	0,964	0,966
571	0,981	0,996	0,979	0,984	0,969	0,982	0,957	0,966
572	0,982	0,986	0,978	0,979	0,969	0,984	0,957	0,957
573	0,992	0,988	0,983	0,978	0,979	0,982	0,966	0,951
574	0,992	0,996	0,983	0,979	0,974	0,980	0,951	0,966
575	0,985	0,988	0,983	0,979	0,979	0,979	0,964	0,964
576	0,992	0,988	0,978	0,980	0,979	0,982	0,966	0,966
577	0,992	0,988	0,979	0,978	0,974	0,982	0,951	0,957
578	0,992	0,988	0,979	0,979	0,979	0,984	0,964	0,964
579	0,981	0,988	0,978	0,980	0,974	0,980	0,964	0,957
580	0,985	0,986	0,983	0,979	0,971	0,980	0,957	0,957
581	0,992	0,996	0,978	0,978	0,971	0,984	0,966	0,957
582	0,982	0,986	0,979	0,980	0,969	0,982	0,964	0,964
583	0,992	0,988	0,983	0,984	0,969	0,984	0,951	0,964
584	0,992	0,996	0,983	0,980	0,971	0,979	0,964	0,957
585	0,982	0,988	0,983	0,984	0,971	0,982	0,951	0,964
586	0,982	0,996	0,978	0,979	0,974	0,979	0,951	0,951
587	0,981	0,988	0,983	0,984	0,971	0,980	0,957	0,951
588	0,992	0,988	0,979	0,978	0,969	0,979	0,951	0,951
589	0,981	0,986	0,983	0,984	0,979	0,982	0,957	0,966
590	0,982	0,996	0,979	0,979	0,971	0,980	0,951	0,957
591	0,992	0,988	0,978	0,980	0,971	0,982	0,957	0,966
592	0,985	0,996	0,979	0,978	0,971	0,984	0,966	0,957
593	0,982	0,988	0,979	0,978	0,971	0,980	0,966	0,966
594	0,985	0,996	0,978	0,979	0,974	0,979	0,957	0,957
595	0,981	0,986	0,979	0,980	0,969	0,980	0,964	0,957
596	0,981	0,988	0,978	0,979	0,979	0,982	0,951	0,964
597	0,981	0,988	0,978	0,979	0,974	0,982	0,951	0,951
598	0,985	0,996	0,978	0,980	0,974	0,980	0,966	0,951
599	0,992	0,988	0,983	0,984	0,971	0,980	0,957	0,957
600	0,982	0,996	0,983	0,978	0,969	0,984	0,957	0,964
601	0,985	0,988	0,983	0,979	0,974	0,980	0,964	0,951
602	0,985	0,988	0,983	0,979	0,969	0,980	0,964	0,957
603	0,982	0,986	0,978	0,979	0,969	0,980	0,964	0,964
604	0,982	0,988	0,983	0,984	0,969	0,982	0,951	0,951
605	0,985	0,996	0,978	0,984	0,969	0,982	0,951	0,951
606	0,985	0,988	0,978	0,980	0,974	0,982	0,964	0,951
607	0,992	0,996	0,979	0,978	0,979	0,982	0,966	0,957
608	0,992	0,988	0,978	0,984	0,974	0,984	0,966	0,966
609	0,981	0,988	0,983	0,978	0,971	0,984	0,966	0,951
610	0,985	0,988	0,979	0,978	0,971	0,979	0,966	0,966
611	0,981	0,986	0,978	0,980	0,971	0,979	0,951	0,951
612	0,982	0,996	0,978	0,978	0,971	0,980	0,951	0,966
613	0,992	0,988	0,978	0,984	0,971	0,980	0,966	0,957
614	0,992	0,988	0,979	0,984	0,974	0,984	0,966	0,966
615	0,981	0,988	0,978	0,980	0,979	0,984	0,964	0,964
616	0,982	0,986	0,978	0,980	0,971	0,979	0,951	0,966
617	0,981	0,996	0,978	0,984	0,979	0,979	0,951	0,951
618	0,992	0,988	0,978	0,979	0,974	0,979	0,964	0,966
619	0,992	0,986	0,978	0,978	0,971	0,980	0,966	0,957
620	0,992	0,988	0,978	0,978	0,971	0,984	0,951	0,964
621	0,982	0,988	0,978	0,979	0,979	0,980	0,957	0,966
622	0,982	0,988	0,978	0,980	0,979	0,982	0,951	0,964
623	0,992	0,996	0,979	0,978	0,974	0,982	0,964	0,957
624	0,982	0,996	0,978	0,984	0,969	0,979	0,957	0,951
625	0,985	0,986	0,978	0,980	0,969	0,979	0,966	0,957
626	0,981	0,996	0,978	0,984	0,974	0,979	0,951	0,966
627	0,985	0,988	0,978	0,979	0,969	0,982	0,964	0,951
628	0,992	0,988	0,979	0,984	0,974	0,982	0,957	0,957
629	0,981	0,988	0,983	0,979	0,979	0,980	0,957	0,964
630	0,981	0,996	0,979	0,979	0,971	0,979	0,957	0,964
631	0,981	0,986	0,979	0,978	0,969	0,984	0,964	0,964
632	0,981	0,988	0,978	0,980	0,969	0,979	0,957	0,966
633	0,981	0,996	0,978	0,984	0,979	0,980	0,964	0,966
634	0,985	0,986	0,979	0,979	0,974	0,979	0,964	0,966
635	0,981	0,988	0,979	0,980	0,971	0,980	0,957	0,957
636	0,982	0,986	0,978	0,978	0,971	0,984	0,951	0,957
637	0,981	0,996	0,983	0,980	0,979	0,979	0,966	0,964
638	0,992	0,988	0,979	0,979	0,979	0,982	0,951	0,964
639	0,985	0,988	0,983	0,979	0,974	0,980	0,964	0,966
640	0,982	0,988	0,983	0,980	0,971	0,982	0,957	0,964
641	0,985	0,988	0,978	0,984	0,971	0,982	0,966	0,957
642	0,981	0,996	0,983	0,984	0,974	0,980	0,964	0,966
643	0,992	0,988	0,978	0,978	0,979	0,980	0,964	0,964
644	0,982	0,986	0,978	0,984	0,974	0,980	0,951	0,957
645	0,982	0,988	0,979	0,979	0,979	0,982	0,964	0,951
646	0,981	0,996	0,983	0,980	0,974	0,982	0,966	0,964
647	0,982	0,986	0,978	0,978	0,969	0,979	0,964	0,966
648	0,985	0,988	0,978	0,984	0,979	0,984	0,951	0,957
649	0,992	0,996	0,983	0,978	0,979	0,984	0,964	0,964
650	0,992	0,996	0,978	0,979	0,979	0,980	0,957	0,966
651	0,992	0,988	0,983	0,978	0,979	0,984	0,966	0,951
652	0,982	0,986	0,983	0,980	0,979	0,984	0,957	0,966
653	0,992	0,986	0,979	0,984	0,974	0,979	0,966	0,951
654	0,982	0,996	0,978	0,980	0,969	0,980	0,957	0,964
655	0,981	0,996	0,978	0,980	0,969	0,984	0,951	0,951
656	0,981	0,988	0,983	0,979	0,971	0,980	0,951	0,957
657	0,981	0,988	0,979	0,978	0,979	0,980	0,951	0,964
658	0,981	0,988	0,978	0,979	0,974	0,979	0,964	0,951
659	0,982	0,988	0,978	0,979	0,979	0,982	0,966	0,966
660	0,981	0,988	0,978	0,984	0,974	0,982	0,966	0,964
661	0,982	0,988	0,983	0,984	0,974	0,984	0,964	0,957
662	0,981	0,986	0,978	0,979	0,974	0,982	0,957	0,966
663	0,981	0,986	0,983	0,984	0,974	0,979	0,951	0,964
664	0,981	0,988	0,978	0,979	0,974	0,979	0,966	0,966
665	0,982	0,996	0,978	0,978	0,974	0,980	0,957	0,951
666	0,985	0,996	0,979	0,979	0,979	0,980	0,964	0,957
667	0,981	0,988	0,979	0,979	0,969	0,979	0,964	0,966
668	0,992	0,986	0,978	0,984	0,969	0,982	0,966	0,951
669	0,981	0,996	0,983	0,979	0,979	0,980	0,951	0,966
670	0,985	0,988	0,979	0,979	0,974	0,980	0,966	0,951
671	0,981	0,988	0,983	0,984	0,979	0,982	0,964	0,951
672	0,985	0,996	0,978	0,979	0,974	0,979	0,964	0,964
673	0,981	0,988	0,979	0,980	0,974	0,984	0,966	0,966
674	0,982	0,986	0,978	0,979	0,974	0,984	0,964	0,957
675	0,985	0,988	0,983	0,978	0,974	0,984	0,966	0,966
676	0,981	0,988	0,979	0,984	0,979	0,979	0,966	0,966
677	0,982	0,988	0,978	0,979	0,979	0,982	0,964	0,957
678	0,982	0,988	0,979	0,984	0,969	0,984	0,964	0,966
679	0,985	0,996	0,979	0,979	0,971	0,982	0,951	0,964
680	0,992	0,988	0,978	0,984	0,971	0,982	0,951	0,966
681	0,981	0,988	0,978	0,978	0,969	0,980	0,957	0,964
682	0,985	0,996	0,983	0,984	0,979	0,982	0,957	0,951
683	0,992	0,996	0,983	0,984	0,969	0,984	0,964	0,964
684	0,985	0,986	0,978	0,984	0,979	0,982	0,957	0,957
685	0,981	0,986	0,983	0,984	0,974	0,980	0,957	0,964
686	0,985	0,986	0,978	0,979	0,974	0,982	0,966	0,957
687	0,985	0,996	0,978	0,980	0,971	0,982	0,966	0,966
688	0,992	0,996	0,979	0,984	0,979	0,984	0,964	0,964
689	0,985	0,996	0,979	0,979	0,971	0,979	0,951	0,966
690	0,981	0,996	0,979	0,978	0,971	0,979	0,966	0,964
691	0,992	0,996	0,979	0,984	0,974	0,982	0,951	0,966
692	0,981	0,988	0,978	0,978	0,979	0,979	0,966	0,966
693	0,981	0,988	0,983	0,980	0,974	0,984	0,951	0,957
694	0,982	0,986	0,979	0,978	0,974	0,984	0,957	0,957
695	0,985	0,986	0,978	0,980	0,969	0,984	0,951	0,951
696	0,981	0,996	0,978	0,978	0,974	0,982	0,951	0,966
697	0,981	0,988	0,979	0,980	0,979	0,980	0,957	0,964
698	0,985	0,996	0,979	0,980	0,974	0,979	0,951	0,951
699	0,992	0,986	0,979	0,984	0,971	0,979	0,964	0,957
700	0,981	0,988	0,978	0,984	0,971	0,982	0,966	0,966
701	0,981	0,988	0,983	0,978	0,979	0,980	0,951	0,964
702	0,985	0,988	0,978	0,979	0,979	0,984	0,951	0,957
703	0,981	0,986	0,979	0,978	0,969	0,979	0,957	0,951
704	0,982	0,986	0,978	0,980	0,979	0,980	0,966	0,951
705	0,985	0,996	0,978	0,979	0,974	0,979	0,951	0,966
706	0,985	0,986	0,979	0,984	0,971	0,980	0,966	0,951
707	0,981	0,988	0,983	0,979	0,974	0,982	0,957	0,951
708	0,981	0,986	0,979	0,980	0,974	0,984	0,957	0,957
709	0,985	0,986	0,983	0,979	0,971	0,979	0,966	0,951
710	0,985	0,996	0,979	0,978	0,969	0,984	0,966	0,951
711	0,992	0,996	0,978	0,980	0,969	0,980	0,966	0,951
712	0,982	0,988	0,983	0,980	0,974	0,982	0,966	0,957
713	0,992	0,996	0,983	0,984	0,969	0,984	0,957	0,964
714	0,981	0,988	0,983	0,978	0,971	0,980	0,964	0,957
715	0,982	0,988	0,983	0,979	0,971	0,984	0,966	0,966
716	0,985	0,986	0,978	0,980	0,974	0,979	0,966	0,957
717	0,992	0,988	0,979	0,980	0,979	0,979	0,951	0,951
718	0,982	0,996	0,979	0,980	0,979	0,982	0,964	0,957
719	0,981	0,986	0,978	0,980	0,969	0,984	0,964	0,964
720	0,982	0,986	0,978	0,979	0,974	0,979	0,951	0,966
721	0,985	0,988	0,978	0,980	0,969	0,982	0,966	0,957
722	0,992	0,986	0,983	0,978	0,974	0,980	0,957	0,964
723	0,982	0,988	0,978	0,978	0,974	0,982	0,966	0,957
724	0,992	0,988	0,978	0,984	0,974	0,979	0,957	0,951
725	0,981	0,988	0,978	0,979	0,971	0,979	0,957	0,957
726	0,985	0,996	0,978	0,978	0,974	0,982	0,964	0,966
727	0,981	0,988	0,978	0,978	0,969	0,984	0,951	0,966
728	0,985	0,996	0,983	0,979	0,979	0,984	0,964	0,951
729	0,981	0,988	0,978	0,978	0,979	0,980	0,964	0,966
730	0,981	0,996	0,978	0,984	0,979	0,980	0,951	0,951
731	0,985	0,988	0,978	0,979	0,971	0,984	0,966	0,951
732	0,992	0,988	0,978	0,978	0,969	0,982	0,966	0,966
733	0,985	0,996	0,983	0,979	0,971	0,980	0,966	0,966
734	0,985	0,988	0,983	0,979	0,971	0,982	0,964	0,964
735	0,992	0,986	0,983	0,984	0,974	0,979	0,964	0,966
736	0,982	0,988	0,983	0,984	0,974	0,979	0,964	0,966
737	0,985	0,996	0,979	0,980	0,979	0,980	0,964	0,964
738	0,985	0,996	0,979	0,984	0,969	0,984	0,957	0,964
739	0,985	0,988	0,979	0,980	0,979	0,984	0,951	0,951
740	0,985	0,986	0,978	0,978	0,979	0,982	0,951	0,966
741	0,985	0,988	0,983	0,978	0,969	0,982	0,966	0,957
742	0,981	0,996	0,979	0,984	0,974	0,979	0,966	0,957
743	0,992	0,988	0,978	0,979	0,971	0,980	0,957	0,966
744	0,981	0,996	0,978	0,979	0,979	0,979	0,966	0,951
745	0,985	0,988	0,983	0,984	0,974	0,984	0,957	0,957
746	0,992	0,988	0,979	0,978	0,979	0,982	0,951	0,957
747	0,992	0,996	0,978	0,980	0,979	0,979	0,957	0,966
748	0,982	0,988	0,979	0,979	0,974	0,979	0,957	0,966
749	0,981	0,996	0,979	0,979	0,969	0,979	0,966	0,957
750	0,985	0,988	0,979	0,984	0,971	0,982	0,957	0,964
751	0,992	0,988	0,978	0,984	0,969	0,979	0,951	0,966
752	0,982	0,986	0,979	0,980	0,969	0,980	0,951	0,966
753	0,981	0,988	0,978	0,978	0,969	0,980	0,957	0,966
754	0,982	0,988	0,983	0,978	0,979	0,982	0,964	0,966
755	0,982	0,986	0,983	0,978	0,971	0,982	0,964	0,964
756	0,982	0,988	0,978	0,980	0,971	0,982	0,964	0,966
757	0,981	0,986	0,978	0,978	0,971	0,980	0,957	0,964
758	0,981	0,988	0,983	0,979	0,971	0,979	0,957	0,957
759	0,982	0,996	0,979	0,984	0,974	0,980	0,957	0,966
760	0,982	0,996	0,983	0,979	0,969	0,984	0,957	0,951
761	0,985	0,986	0,978	0,978	0,971	0,979	0,966	0,957
762	0,982	0,988	0,979	0,980	0,971	0,980	0,957	0,964
763	0,992	0,988	0,978	0,980	0,971	0,979	0,964	0,964
764	0,982	0,988	0,979	0,984	0,971	0,979	0,964	0,957
765	0,985	0,988	0,983	0,984	0,979	0,982	0,951	0,964
766	0,981	0,988	0,978	0,980	0,971	0,984	0,957	0,951
767	0,981	0,988	0,983	0,979	0,969	0,984	0,966	0,964
768	0,981	0,988	0,979	0,980	0,969	0,982	0,964	0,951
769	0,985	0,996	0,978	0,984	0,974	0,984	0,951	0,951
770	0,985	0,986	0,978	0,979	0,974	0,984	0,951	0,957
771	0,992	0,986	0,978	0,979	0,974	0,984	0,964	0,966
772	0,982	0,988	0,978	0,978	0,974	0,979	0,966	0,951
773	0,992	0,988	0,979	0,980	0,979	0,982	0,951	0,966
774	0,992	0,988	0,978	0,980	0,974	0,980	0,964	0,966
775	0,985	0,996	0,978	0,980	0,971	0,984	0,957	0,964
776	0,985	0,986	0,979	0,979	0,971	0,982	0,951	0,951
777	0,981	0,988	0,978	0,979	0,979	0,982	0,964	0,957
778	0,992	0,988	0,978	0,980	0,971	0,979	0,966	0,964
779	0,992	0,996	0,979	0,978	0,971	0,980	0,966	0,966
780	0,985	0,996	0,979	0,979	0,974	0,979	0,964	0,964
781	0,992	0,988	0,978	0,978	0,974	0,982	0,957	0,964
782	0,981	0,988	0,979	0,980	0,969	0,980	0,951	0,964
783	0,981	0,986	0,983	0,978	0,971	0,979	0,951	0,966
784	0,992	0,996	0,978	0,979	0,971	0,980	0,966	0,964
785	0,985	0,996	0,983	0,979	0,974	0,979	0,966	0,951
786	0,992	0,986	0,978	0,979	0,974	0,982	0,957	0,957
787	0,981	0,988	0,983	0,979	0,971	0,984	0,964	0,964
788	0,985	0,988	0,983	0,979	0,969	0,982	0,951	0,964
789	0,985	0,986	0,978	0,984	0,971	0,979	0,966	0,966
790	0,981	0,996	0,978	0,979	0,979	0,984	0,951	0,964
791	0,985	0,996	0,978	0,978	0,979	0,984	0,951	0,964
792	0,982	0,988	0,978	0,979	0,974	0,984	0,966	0,957
793	0,985	0,986	0,979	0,980	0,974	0,982	0,966	0,957
794	0,982	0,988	0,983	0,978	0,971	0,979	0,966	0,951
795	0,992	0,988	0,978	0,984	0,971	0,982	0,966	0,966
796	0,982	0,986	0,978	0,979	0,971	0,982	0,964	0,966
797	0,992	0,986	0,983	0,978	0,979	0,980	0,964	0,957
798	0,985	0,986	0,983	0,980	0,974	0,984	0,951	0,966
799	0,992	0,988	0,978	0,979	0,974	0,982	0,957	0,966
800	0,985	0,986	0,979	0,984	0,979	0,980	0,957	0,951
801	0,981	0,996	0,983	0,979	0,974	0,982	0,966	0,966
802	0,992	0,988	0,983	0,980	0,969	0,982	0,951	0,964
803	0,982	0,988	0,978	0,980	0,969	0,979	0,957	0,957
804	0,985	0,986	0,979	0,979	0,971	0,980	0,951	0,951
805	0,985	0,988	0,978	0,980	0,971	0,980	0,951	0,951
806	0,985	0,996	0,978	0,980	0,971	0,984	0,964	0,964
807	0,981	0,986	0,978	0,979	0,974	0,980	0,951	0,957
808	0,985	0,988	0,983	0,979	0,971	0,984	0,964	0,964
809	0,981	0,986	0,978	0,984	0,971	0,982	0,951	0,957
810	0,982	0,988	0,978	0,978	0,969	0,984	0,964	0,951
811	0,992	0,996	0,978	0,978	0,971	0,979	0,951	0,951
812	0,982	0,996	0,978	0,978	0,969	0,982	0,957	0,966
813	0,982	0,988	0,979	0,984	0,969	0,979	0,964	0,951
814	0,992	0,988	0,978	0,984	0,979	0,984	0,951	0,957
815	0,992	0,988	0,983	0,980	0,969	0,979	0,964	0,957
816	0,982	0,986	0,978	0,980	0,974	0,984	0,951	0,951
817	0,981	0,996	0,983	0,979	0,969	0,980	0,964	0,966
818	0,982	0,986	0,978	0,984	0,979	0,982	0,951	0,957
819	0,981	0,986	0,983	0,980	0,969	0,982	0,964	0,966
820	0,981	0,988	0,978	0,979	0,971	0,980	0,957	0,964
821	0,981	0,988	0,978	0,979	0,974	0,984	0,957	0,966
822	0,992	0,986	0,978	0,984	0,979	0,982	0,957	0,957
823	0,985	0,996	0,978	0,984	0,969	0,982	0,966	0,951
824	0,985	0,988	0,978	0,979	0,969	0,982	0,964	0,957
825	0,992	0,996	0,978	0,980	0,974	0,980	0,957	0,951
826	0,992	0,996	0,979	0,979	0,971	0,980	0,964	0,964
827	0,985	0,988	0,978	0,978	0,979	0,979	0,951	0,966
828	0,982	0,996	0,978	0,980	0,979	0,980	0,966	0,964
829	0,981	0,986	0,978	0,984	0,971	0,982	0,951	0,966
830	0,985	0,986	0,978	0,979	0,974	0,980	0,951	0,957
831	0,985	0,988	0,978	0,978	0,971	0,979	0,951	0,964
832	0,981	0,986	0,983	0,979	0,969	0,979	0,951	0,964
833	0,982	0,988	0,983	0,980	0,974	0,980	0,966	0,966
834	0,985	0,996	0,978	0,978	0,969	0,979	0,964	0,964
835	0,981	0,986	0,979	0,979	0,971	0,984	0,957	0,964
836	0,985	0,996	0,978	0,984	0,969	0,984	0,951	0,966
837	0,982	0,986	0,983	0,980	0,979	0,980	0,951	0,957
838	0,982	0,986	0,979	0,979	0,971	0,979	0,966	0,966
839	0,992	0,996	0,978	0,978	0,979	0,979	0,951	0,957
840	0,981	0,988	0,983	0,978	0,974	0,982	0,957	0,964
841	0,982	0,988	0,978	0,979	0,974	0,982	0,966	0,966
842	0,981	0,988	0,978	0,979	0,971	0,984	0,957	0,957
843	0,981	0,988	0,983	0,978	0,971	0,980	0,957	0,957
844	0,992	0,986	0,983	0,979	0,979	0,980	0,966	0,964
845	0,981	0,996	0,978	0,979	0,971	0,982	0,951	0,966
846	0,981	0,996	0,983	0,979	0,969	0,984	0,966	0,951
847	0,982	0,988	0,978	0,979	0,974	0,984	0,951	0,957
848	0,985	0,996	0,979	0,979	0,969	0,979	0,964	0,951
849	0,985	0,996	0,983	0,978	0,974	0,980	0,964	0,964
850	0,992	0,988	0,978	0,984	0,974	0,980	0,957	0,966
851	0,981	0,996	0,978	0,984	0,969	0,984	0,957	0,964
852	0,985	0,996	0,983	0,979	0,969	0,980	0,957	0,951
853	0,985	0,988	0,978	0,984	0,971	0,984	0,957	0,951
854	0,992	0,986	0,983	0,980	0,971	0,980	0,966	0,966
855	0,985	0,988	0,978	0,978	0,974	0,982	0,951	0,964
856	0,982	0,988	0,978	0,979	0,969	0,984	0,966	0,951
857	0,982	0,988	0,979	0,978	0,971	0,980	0,951	0,951
858	0,992	0,996	0,979	0,978	0,969	0,984	0,964	0,951
859	0,981	0,988	0,983	0,979	0,971	0,982	0,964	0,951
860	0,992	0,996	0,978	0,978	0,974	0,982	0,957	0,964
861	0,992	0,996	0,978	0,979	0,974	0,979	0,957	0,951
862	0,982	0,988	0,983	0,978	0,971	0,984	0,964	0,966
863	0,992	0,988	0,978	0,979	0,969	0,980	0,966	0,957
864	0,982	0,988	0,979	0,980	0,969	0,980	0,951	0,966
865	0,992	0,986	0,978	0,984	0,979	0,984	0,951	0,964
866	0,981	0,996	0,978	0,979	0,974	0,979	0,957	0,964
867	0,985	0,988	0,983	0,980	0,969	0,982	0,957	0,964
868	0,981	0,996	0,978	0,980	0,969	0,982	0,964	0,951
869	0,985	0,996	0,979	0,984	0,969	0,980	0,966	0,964
870	0,982	0,996	0,979	0,980	0,969	0,984	0,957	0,964
871	0,982	0,988	0,978	0,980	0,969	0,982	0,964	0,966
872	0,982	0,988	0,978	0,980	0,974	0,982	0,964	0,951
873	0,982	0,988	0,979	0,984	0,974	0,982	0,951	0,957
874	0,985	0,988	0,978	0,984	0,969	0,982	0,957	0,957
875	0,981	0,988	0,979	0,980	0,979	0,980	0,957	0,964
876	0,982	0,986	0,979	0,980	0,971	0,984	0,966	0,951
877	0,985	0,996	0,983	0,979	0,979	0,984	0,964	0,957
878	0,981	0,988	0,983	0,984	0,979	0,979	0,951	0,966
879	0,992	0,996	0,983	0,979	0,974	0,982	0,957	0,951
880	0,985	0,988	0,978	0,979	0,974	0,984	0,966	0,966
881	0,992	0,988	0,979	0,979	0,979	0,980	0,964	0,951
882	0,981	0,986	0,978	0,984	0,979	0,984	0,951	0,966
883	0,981	0,986	0,978	0,984	0,969	0,984	0,966	0,966
884	0,981	0,996	0,978	0,980	0,971	0,980	0,966	0,964
885	0,981	0,996	0,978	0,979	0,979	0,979	0,951	0,951
886	0,985	0,986	0,978	0,979	0,969	0,980	0,951	0,957
887	0,982	0,988	0,978	0,979	0,971	0,980	0,966	0,966
888	0,981	0,988	0,978	0,978	0,971	0,984	0,966	0,951
889	0,992	0,988	0,979	0,978	0,974	0,980	0,951	0,966
890	0,985	0,996	0,978	0,978	0,979	0,984	0,951	0,957
891	0,982	0,988	0,978	0,978	0,974	0,980	0,964	0,966
892	0,992	0,996	0,978	0,984	0,974	0,982	0,964	0,966
893	0,982	0,986	0,983	0,984	0,971	0,979	0,957	0,951
894	0,985	0,986	0,983	0,979	0,979	0,980	0,951	0,951
895	0,985	0,996	0,978	0,979	0,971	0,984	0,951	0,964
896	0,981	0,986	0,978	0,978	0,974	0,979	0,957	0,966
897	0,982	0,988	0,978	0,979	0,971	0,982	0,966	0,957
898	0,992	0,988	0,978	0,984	0,979	0,982	0,966	0,951
899	0,982	0,988	0,979	0,979	0,969	0,982	0,966	0,964
900	0,992	0,988	0,978	0,979	0,971	0,982	0,951	0,964
901	0,982	0,988	0,978	0,980	0,969	0,979	0,966	0,966
902	0,982	0,988	0,978	0,979	0,974	0,980	0,957	0,957
903	0,981	0,996	0,979	0,979	0,979	0,984	0,964	0,957
904	0,981	0,988	0,983	0,978	0,974	0,982	0,964	0,964
905	0,992	0,996	0,978	0,984	0,979	0,980	0,964	0,957
906	0,982	0,986	0,978	0,978	0,969	0,982	0,957	0,964
907	0,992	0,988	0,978	0,984	0,974	0,979	0,964	0,957
908	0,985	0,986	0,978	0,979	0,971	0,980	0,966	0,957
909	0,985	0,986	0,979	0,984	0,979	0,984	0,964	0,951
910	0,992	0,988	0,978	0,980	0,971	0,979	0,964	0,964
911	0,982	0,988	0,978	0,984	0,969	0,982	0,964	0,964
912	0,981	0,988	0,978	0,979	0,969	0,982	0,951	0,957
913	0,981	0,988	0,983	0,984	0,969	0,982	0,957	0,957
914	0,982	0,996	0,979	0,978	0,974	0,984	0,964	0,957
915	0,992	0,988	0,978	0,984	0,971	0,982	0,966	0,964
916	0,982	0,996	0,978	0,979	0,974	0,980	0,951	0,964
917	0,992	0,996	0,978	0,980	0,971	0,982	0,964	0,951
918	0,985	0,988	0,978	0,978	0,974	0,979	0,951	0,966
919	0,985	0,996	0,983	0,980	0,971	0,979	0,964	0,966
920	0,985	0,986	0,979	0,979	0,974	0,984	0,964	0,964
921	0,992	0,988	0,978	0,980	0,974	0,980	0,966	0,966
922	0,981	0,996	0,983	0,984	0,969	0,982	0,951	0,964
923	0,981	0,988	0,983	0,978	0,974	0,982	0,966	0,957
924	0,985	0,996	0,978	0,984	0,979	0,982	0,951	0,951
925	0,992	0,996	0,983	0,978	0,971	0,984	0,957	0,966
926	0,981	0,988	0,983	0,979	0,979	0,980	0,964	0,957
927	0,981	0,996	0,979	0,980	0,974	0,982	0,966	0,957
928	0,982	0,988	0,983	0,984	0,969	0,982	0,966	0,964
929	0,985	0,996	0,978	0,979	0,969	0,980	0,966	0,957
930	0,992	0,986	0,978	0,980	0,971	0,982	0,951	0,964
931	0,985	0,996	0,978	0,979	0,974	0,982	0,966	0,951
932	0,985	0,996	0,978	0,979	0,974	0,982	0,951	0,964
933	0,981	0,996	0,978	0,984	0,971	0,982	0,957	0,964
934	0,985	0,986	0,978	0,978	0,969	0,982	0,966	0,951
935	0,981	0,988	0,983	0,978	0,974	0,980	0,951	0,951
936	0,985	0,996	0,979	0,984	0,969	0,979	0,964	0,951
937	0,982	0,996	0,978	0,984	0,969	0,979	0,966	0,966
938	0,992	0,988	0,983	0,984	0,969	0,979	0,966	0,964
939	0,982	0,988	0,983	0,978	0,979	0,984	0,966	0,957
940	0,992	0,986	0,978	0,984	0,971	0,984	0,951	0,966
941	0,982	0,986	0,978	0,978	0,971	0,982	0,966	0,966
942	0,981	0,986	0,983	0,979	0,969	0,980	0,951	0,957
943	0,981	0,988	0,978	0,979	0,974	0,979	0,964	0,966
944	0,982	0,988	0,978	0,979	0,974	0,984	0,966	0,964
945	0,981	0,986	0,978	0,979	0,971	0,980	0,957	0,966
946	0,982	0,988	0,978	0,984	0,971	0,982	0,966	0,964
947	0,981	0,988	0,978	0,980	0,969	0,980	0,951	0,951
948	0,985	0,986	0,978	0,980	0,969	0,982	0,957	0,951
949	0,982	0,988	0,978	0,979	0,969	0,982	0,964	0,964
950	0,981	0,986	0,983	0,980	0,974	0,982	0,966	0,957
951	0,992	0,986	0,979	0,984	0,969	0,979	0,951	0,966
952	0,981	0,988	0,978	0,980	0,974	0,979	0,964	0,951
953	0,992	0,988	0,983	0,980	0,969	0,979	0,966	0,966
954	0,982	0,988	0,979	0,979	0,974	0,980	0,966	0,951
955	0,992	0,996	0,979	0,980	0,969	0,979	0,966	0,951
956	0,985	0,986	0,983	0,978	0,979	0,982	0,957	0,951
957	0,992	0,988	0,983	0,979	0,974	0,982	0,966	0,957
958	0,982	0,988	0,978	0,979	0,971	0,980	0,951	0,964
959	0,981	0,988	0,978	0,980	0,974	0,979	0,964	0,964
960	0,985	0,996	0,983	0,979	0,971	0,979	0,951	0,951
961	0,981	0,986	0,978	0,980	0,979	0,980	0,951	0,964
962	0,982	0,986	0,978	0,978	0,979	0,982	0,957	0,966
963	0,981	0,996	0,979	0,980	0,971	0,980	0,957	0,951
964	0,981	0,986	0,978	0,984	0,969	0,979	0,957	0,964
965	0,985	0,986	0,978	0,979	0,969	0,982	0,966	0,951
966	0,982	0,986	0,983	0,978	0,979	0,984	0,964	0,951
967	0,981	0,996	0,983	0,984	0,974	0,979	0,951	0,951
968	0,992	0,988	0,978	0,978	0,971	0,984	0,966	0,966
969	0,982	0,986	0,978	0,984	0,974	0,984	0,966	0,957
970	0,981	0,988	0,978	0,979	0,974	0,984	0,964	0,966
971	0,982	0,996	0,978	0,978	0,974	0,982	0,957	0,964
972	0,982	0,996	0,983	0,984	0,974	0,979	0,966	0,966
973	0,981	0,996	0,983	0,978	0,974	0,980	0,951	0,957
974	0,992	0,988	0,978	0,984	0,979	0,979	0,951	0,964
975	0,982	0,986	0,983	0,978	0,971	0,980	0,964	0,957
976	0,985	0,986	0,978	0,979	0,971	0,984	0,951	0,964
977	0,985	0,988	0,979	0,979	0,971	0,980	0,964	0,957
978	0,992	0,996	0,978	0,978	0,979	0,982	0,966	0,966
979	0,982	0,986	0,978	0,980	0,969	0,980	0,957	0,964
980	0,992	0,988	0,978	0,979	0,974	0,980	0,964	0,964
981	0,981	0,996	0,979	0,979	0,971	0,979	0,964	0,966
982	0,981	0,988	0,978	0,980	0,974	0,979	0,957	0,964
983	0,982	0,986	0,979	0,980	0,969	0,980	0,964	0,966
984	0,982	0,988	0,983	0,984	0,969	0,980	0,957	0,957
985	0,982	0,986	0,978	0,979	0,969	0,984	0,951	0,964
986	0,982	0,988	0,983	0,978	0,969	0,984	0,966	0,951
987	0,981	0,986	0,983	0,980	0,974	0,982	0,951	0,964
988	0,985	0,988	0,983	0,979	0,969	0,980	0,966	0,957
989	0,985	0,988	0,983	0,984	0,974	0,984	0,957	0,964
990	0,981	0,988	0,983	0,978	0,974	0,980	0,951	0,966
991	0,982	0,988	0,978	0,984	0,974	0,982	0,951	0,964
992	0,985	0,996	0,978	0,984	0,969	0,980	0,957	0,966
993	0,985	0,996	0,978	0,979	0,974	0,980	0,966	0,966
994	0,982	0,996	0,983	0,984	0,971	0,979	0,966	0,957
995	0,985	0,986	0,979	0,980	0,969	0,984	0,957	0,957
996	0,982	0,988	0,978	0,980	0,969	0,982	0,964	0,951
997	0,992	0,996	0,978	0,984	0,971	0,980	0,966	0,951
998	0,992	0,988	0,978	0,980	0,974	0,982	0,964	0,964
999	0,981	0,986	0,983	0,980	0,971	0,979	0,951	0,951
1000	0,985	0,996	0,979	0,979	0,971	0,982	0,951	0,957